PCNA_ID,CATEGORY,RANK,ITEM_ID,IS_NEW,REASON,IS_PURCHASED
default,Bags,1,SM-7427,false,"{""REASON"": ""popular product"", ""SUPPORT"": []}",false
default,Bags,2,SM-7548,false,"{""REASON"": ""popular product"", ""SUPPORT"": []}",false
default,Bags,3,SM-7346,false,"{""REASON"": ""popular product"", ""SUPPORT"": []}",false
default,Bags,4,3450-34,false,"{""REASON"": ""popular product"", ""SUPPORT"": []}",false
default,Bags,5,SM-5830,false,"{""REASON"": ""popular product"", ""SUPPORT"": []}",false
default,Bags,6,SM-7353,false,"{""REASON"": ""popular product"", ""SUPPORT"": []}",false
default,Bags,7,SM-7412,false,"{""REASON"": ""popular product"", ""SUPPORT"": []}",false
default,Bags,8,0011-45,false,"{""REASON"": ""popular product"", ""SUPPORT"": []}",false
default,Bags,9,SM-5779,false,"{""REASON"": ""popular product"", ""SUPPORT"": []}",false
default,Bags,10,4200-21,false,"{""REASON"": ""popular product"", ""SUPPORT"": []}",false
default,Bags,11,3750-07,false,"{""REASON"": ""popular product"", ""SUPPORT"": []}",false
default,Bags,12,SM-7431,false,"{""REASON"": ""popular product"", ""SUPPORT"": []}",false
default,Bags,13,SM-7500,false,"{""REASON"": ""popular product"", ""SUPPORT"": []}",false
default,Bags,14,SM-7126,false,"{""REASON"": ""popular product"", ""SUPPORT"": []}",false
default,Bags,15,SM-7062,false,"{""REASON"": ""popular product"", ""SUPPORT"": []}",false
default,Bags,16,3450-38,false,"{""REASON"": ""popular product"", ""SUPPORT"": []}",false
default,Bags,17,7901-06,false,"{""REASON"": ""popular product"", ""SUPPORT"": []}",false
default,Bags,18,7901-07,false,"{""REASON"": ""popular product"", ""SUPPORT"": []}",false
default,Bags,19,SM-7556,false,"{""REASON"": ""popular product"", ""SUPPORT"": []}",false
default,Bags,20,SM-7793,false,"{""REASON"": ""popular product"", ""SUPPORT"": []}",false
default,Bags,21,SM-5715,false,"{""REASON"": ""popular product"", ""SUPPORT"": []}",false
default,Bags,22,SM-7220,false,"{""REASON"": ""popular product"", ""SUPPORT"": []}",false
default,Bags,23,SM-7453,false,"{""REASON"": ""popular product"", ""SUPPORT"": []}",false
default,Bags,24,SM-7262,false,"{""REASON"": ""popular product"", ""SUPPORT"": []}",false
default,Bags,25,8050-37,false,"{""REASON"": ""popular product"", ""SUPPORT"": []}",false
default,Bags,26,2180-21,false,"{""REASON"": ""popular product"", ""SUPPORT"": []}",false
default,Bags,27,2301-42,false,"{""REASON"": ""popular product"", ""SUPPORT"": []}",false
default,Bags,28,8052-97,false,"{""REASON"": ""popular product"", ""SUPPORT"": []}",false
default,Bags,29,SM-5819,false,"{""REASON"": ""popular product"", ""SUPPORT"": []}",false
default,Bags,30,8050-12,false,"{""REASON"": ""popular product"", ""SUPPORT"": []}",false
default,Bags,31,9020-89,false,"{""REASON"": ""popular product"", ""SUPPORT"": []}",false
default,Bags,32,5790-04,false,"{""REASON"": ""popular product"", ""SUPPORT"": []}",false
default,Bags,33,6440-10,false,"{""REASON"": ""popular product"", ""SUPPORT"": []}",false
default,Bags,34,SM-7102,false,"{""REASON"": ""popular product"", ""SUPPORT"": []}",false
default,Bags,35,SM-7403,false,"{""REASON"": ""popular product"", ""SUPPORT"": []}",false
default,Bags,36,3860-65,false,"{""REASON"": ""popular product"", ""SUPPORT"": []}",false
default,Bags,37,SM-5894,false,"{""REASON"": ""popular product"", ""SUPPORT"": []}",false
default,Bags,38,SM-7434,false,"{""REASON"": ""popular product"", ""SUPPORT"": []}",false
default,Bags,39,3950-03,false,"{""REASON"": ""popular product"", ""SUPPORT"": []}",false
default,Bags,40,SM-7333,false,"{""REASON"": ""popular product"", ""SUPPORT"": []}",false
default,Bags,41,7901-08,false,"{""REASON"": ""popular product"", ""SUPPORT"": []}",false
default,Bags,42,SM-7774,false,"{""REASON"": ""popular product"", ""SUPPORT"": []}",false
default,Bags,43,8051-33,false,"{""REASON"": ""popular product"", ""SUPPORT"": []}",false
default,Bags,44,SM-7329,false,"{""REASON"": ""popular product"", ""SUPPORT"": []}",false
default,Bags,45,SM-7314,false,"{""REASON"": ""popular product"", ""SUPPORT"": []}",false
default,Bags,46,3860-59,false,"{""REASON"": ""popular product"", ""SUPPORT"": []}",false
default,Bags,47,9020-39,false,"{""REASON"": ""popular product"", ""SUPPORT"": []}",false
default,Bags,48,3860-58,false,"{""REASON"": ""popular product"", ""SUPPORT"": []}",false
default,Bags,49,8051-87,false,"{""REASON"": ""popular product"", ""SUPPORT"": []}",false
default,Bags,50,9840-50,false,"{""REASON"": ""popular product"", ""SUPPORT"": []}",false
default,Bags,51,2180-10,false,"{""REASON"": ""popular product"", ""SUPPORT"": []}",false
default,Bags,52,3850-21,false,"{""REASON"": ""popular product"", ""SUPPORT"": []}",false
default,Bags,53,SM-9930,false,"{""REASON"": ""popular product"", ""SUPPORT"": []}",false
default,Bags,54,SM-7344,false,"{""REASON"": ""popular product"", ""SUPPORT"": []}",false
default,Bags,55,3450-96,false,"{""REASON"": ""popular product"", ""SUPPORT"": []}",false
default,Bags,56,SM-5807,false,"{""REASON"": ""popular product"", ""SUPPORT"": []}",false
default,Bags,57,7950-80,false,"{""REASON"": ""popular product"", ""SUPPORT"": []}",false
default,Bags,58,3450-41,false,"{""REASON"": ""popular product"", ""SUPPORT"": []}",false
default,Bags,59,0011-99,false,"{""REASON"": ""popular product"", ""SUPPORT"": []}",false
default,Bags,60,SM-7320,false,"{""REASON"": ""popular product"", ""SUPPORT"": []}",false
default,Bags,61,SM-5968,false,"{""REASON"": ""popular product"", ""SUPPORT"": []}",false
default,Bags,62,3900-01,false,"{""REASON"": ""popular product"", ""SUPPORT"": []}",false
default,Bags,63,1627-61,false,"{""REASON"": ""popular product"", ""SUPPORT"": []}",false
default,Bags,64,2009-08,false,"{""REASON"": ""popular product"", ""SUPPORT"": []}",false
default,Bags,65,3750-16,false,"{""REASON"": ""popular product"", ""SUPPORT"": []}",false
default,Bags,66,4400-07,true,"{""REASON"": ""popular product"", ""SUPPORT"": []}",false
default,Bags,67,SM-5994,false,"{""REASON"": ""popular product"", ""SUPPORT"": []}",false
default,Bags,68,SM-7725,false,"{""REASON"": ""popular product"", ""SUPPORT"": []}",false
default,Bags,69,SM-5973,false,"{""REASON"": ""popular product"", ""SUPPORT"": []}",false
default,Bags,70,SM-5917,false,"{""REASON"": ""popular product"", ""SUPPORT"": []}",false
default,Bags,71,SM-5977,false,"{""REASON"": ""popular product"", ""SUPPORT"": []}",false
default,Bags,72,9006-01,true,"{""REASON"": ""popular product"", ""SUPPORT"": []}",false
default,Bags,73,0011-47,false,"{""REASON"": ""popular product"", ""SUPPORT"": []}",false
default,Bags,74,2301-18,false,"{""REASON"": ""popular product"", ""SUPPORT"": []}",false
default,Bags,75,SM-7509,false,"{""REASON"": ""popular product"", ""SUPPORT"": []}",false
default,Bags,76,SM-7475,false,"{""REASON"": ""popular product"", ""SUPPORT"": []}",false
default,Bags,77,8151-10,false,"{""REASON"": ""popular product"", ""SUPPORT"": []}",false
default,Bags,78,SM-5956,false,"{""REASON"": ""popular product"", ""SUPPORT"": []}",false
default,Bags,79,SM-7440,false,"{""REASON"": ""popular product"", ""SUPPORT"": []}",false
default,Bags,80,8150-59,false,"{""REASON"": ""popular product"", ""SUPPORT"": []}",false
default,Bags,81,SM-7766,false,"{""REASON"": ""popular product"", ""SUPPORT"": []}",false
default,Bags,82,2009-66,true,"{""REASON"": ""popular product"", ""SUPPORT"": []}",false
default,Bags,83,SM-7236,false,"{""REASON"": ""popular product"", ""SUPPORT"": []}",false
default,Bags,84,SM-7269,false,"{""REASON"": ""popular product"", ""SUPPORT"": []}",false
default,Bags,85,SM-7214,false,"{""REASON"": ""popular product"", ""SUPPORT"": []}",false
default,Bags,86,SM-7420,false,"{""REASON"": ""popular product"", ""SUPPORT"": []}",false
default,Bags,87,2600-04,false,"{""REASON"": ""popular product"", ""SUPPORT"": []}",false
default,Bags,88,SM-5955,false,"{""REASON"": ""popular product"", ""SUPPORT"": []}",false
default,Bags,89,3860-76,false,"{""REASON"": ""popular product"", ""SUPPORT"": []}",false
default,Bags,90,2180-04,false,"{""REASON"": ""popular product"", ""SUPPORT"": []}",false
default,Bags,91,7900-30,false,"{""REASON"": ""popular product"", ""SUPPORT"": []}",false
default,Bags,92,SM-7539,false,"{""REASON"": ""popular product"", ""SUPPORT"": []}",false
default,Bags,93,SM-7209,false,"{""REASON"": ""popular product"", ""SUPPORT"": []}",false
default,Bags,94,3750-10,false,"{""REASON"": ""popular product"", ""SUPPORT"": []}",false
default,Bags,95,SM-7200,false,"{""REASON"": ""popular product"", ""SUPPORT"": []}",false
default,Bags,96,SM-7300,false,"{""REASON"": ""popular product"", ""SUPPORT"": []}",false
default,Bags,97,SM-7378,false,"{""REASON"": ""popular product"", ""SUPPORT"": []}",false
default,Bags,98,8052-49,false,"{""REASON"": ""popular product"", ""SUPPORT"": []}",false
default,Bags,99,SM-5717,false,"{""REASON"": ""popular product"", ""SUPPORT"": []}",false
default,Bags,100,7901-13,true,"{""REASON"": ""popular product"", ""SUPPORT"": []}",false
default,Bags,101,SM-5915,false,"{""REASON"": ""popular product"", ""SUPPORT"": []}",false
default,Bags,102,SM-7533,false,"{""REASON"": ""popular product"", ""SUPPORT"": []}",false
default,Bags,103,SM-7396,false,"{""REASON"": ""popular product"", ""SUPPORT"": []}",false
default,Bags,104,1601-07,true,"{""REASON"": ""popular product"", ""SUPPORT"": []}",false
default,Bags,105,SM-5939,false,"{""REASON"": ""popular product"", ""SUPPORT"": []}",false
default,Bags,106,2009-07,false,"{""REASON"": ""popular product"", ""SUPPORT"": []}",false
default,Bags,107,SM-7325,false,"{""REASON"": ""popular product"", ""SUPPORT"": []}",false
default,Bags,108,SM-7095,false,"{""REASON"": ""popular product"", ""SUPPORT"": []}",false
default,Bags,109,3450-15,false,"{""REASON"": ""popular product"", ""SUPPORT"": []}",false
default,Bags,110,SM-7103,false,"{""REASON"": ""popular product"", ""SUPPORT"": []}",false
default,Bags,111,9020-64,false,"{""REASON"": ""popular product"", ""SUPPORT"": []}",false
default,Bags,112,3005-73,false,"{""REASON"": ""popular product"", ""SUPPORT"": []}",false
default,Bags,113,SM-7767,false,"{""REASON"": ""popular product"", ""SUPPORT"": []}",false
default,Bags,114,SM-7442,false,"{""REASON"": ""popular product"", ""SUPPORT"": []}",false
default,Bags,115,3900-04,false,"{""REASON"": ""popular product"", ""SUPPORT"": []}",false
default,Bags,116,2009-09,false,"{""REASON"": ""popular product"", ""SUPPORT"": []}",false
default,Bags,117,2020-28,false,"{""REASON"": ""popular product"", ""SUPPORT"": []}",false
default,Bags,118,3950-11,false,"{""REASON"": ""popular product"", ""SUPPORT"": []}",false
default,Bags,119,1627-69,false,"{""REASON"": ""popular product"", ""SUPPORT"": []}",false
default,Bags,120,0022-46,false,"{""REASON"": ""popular product"", ""SUPPORT"": []}",false
default,Bags,121,7950-79,false,"{""REASON"": ""popular product"", ""SUPPORT"": []}",false
default,Bags,122,3860-81,false,"{""REASON"": ""popular product"", ""SUPPORT"": []}",false
default,Bags,123,9020-10,false,"{""REASON"": ""popular product"", ""SUPPORT"": []}",false
default,Bags,124,2020-01,false,"{""REASON"": ""popular product"", ""SUPPORT"": []}",false
default,Bags,125,SM-5989,false,"{""REASON"": ""popular product"", ""SUPPORT"": []}",false
default,Bags,126,SM-5757,false,"{""REASON"": ""popular product"", ""SUPPORT"": []}",false
default,Bags,127,SM-7359,false,"{""REASON"": ""popular product"", ""SUPPORT"": []}",false
default,Bags,128,SM-5727,false,"{""REASON"": ""popular product"", ""SUPPORT"": []}",false
default,Bags,129,SM-7408,false,"{""REASON"": ""popular product"", ""SUPPORT"": []}",false
default,Bags,130,3450-56,false,"{""REASON"": ""popular product"", ""SUPPORT"": []}",false
default,Bags,131,SM-5833,false,"{""REASON"": ""popular product"", ""SUPPORT"": []}",false
default,Bags,132,7950-77,false,"{""REASON"": ""popular product"", ""SUPPORT"": []}",false
default,Bags,133,SM-5978,false,"{""REASON"": ""popular product"", ""SUPPORT"": []}",false
default,Bags,134,2301-36,false,"{""REASON"": ""popular product"", ""SUPPORT"": []}",false
default,Bags,135,2009-45,false,"{""REASON"": ""popular product"", ""SUPPORT"": []}",false
default,Bags,136,0022-45,false,"{""REASON"": ""popular product"", ""SUPPORT"": []}",false
default,Bags,137,3451-01,false,"{""REASON"": ""popular product"", ""SUPPORT"": []}",false
default,Bags,138,3750-32,false,"{""REASON"": ""popular product"", ""SUPPORT"": []}",false
default,Bags,139,SM-7779,false,"{""REASON"": ""popular product"", ""SUPPORT"": []}",false
default,Bags,140,3860-49,false,"{""REASON"": ""popular product"", ""SUPPORT"": []}",false
default,Bags,141,SM-5957,false,"{""REASON"": ""popular product"", ""SUPPORT"": []}",false
default,Bags,142,2009-47,false,"{""REASON"": ""popular product"", ""SUPPORT"": []}",false
default,Bags,143,3900-10,false,"{""REASON"": ""popular product"", ""SUPPORT"": []}",false
default,Bags,144,2009-02,false,"{""REASON"": ""popular product"", ""SUPPORT"": []}",false
default,Bags,145,2009-05,false,"{""REASON"": ""popular product"", ""SUPPORT"": []}",false
default,Bags,146,2301-60,false,"{""REASON"": ""popular product"", ""SUPPORT"": []}",false
default,Bags,147,SM-7372,false,"{""REASON"": ""popular product"", ""SUPPORT"": []}",false
default,Bags,148,3850-25,false,"{""REASON"": ""popular product"", ""SUPPORT"": []}",false
default,Bags,149,SM-7227,false,"{""REASON"": ""popular product"", ""SUPPORT"": []}",false
default,Bags,150,9020-65,false,"{""REASON"": ""popular product"", ""SUPPORT"": []}",false
default,Bags,151,7900-47,false,"{""REASON"": ""popular product"", ""SUPPORT"": []}",false
default,Bags,152,3860-78,false,"{""REASON"": ""popular product"", ""SUPPORT"": []}",false
default,Bags,153,1627-59,false,"{""REASON"": ""popular product"", ""SUPPORT"": []}",false
default,Bags,154,3750-41,false,"{""REASON"": ""popular product"", ""SUPPORT"": []}",false
default,Bags,155,3950-01,false,"{""REASON"": ""popular product"", ""SUPPORT"": []}",false
default,Bags,156,SM-5754,false,"{""REASON"": ""popular product"", ""SUPPORT"": []}",false
default,Bags,157,9550-61,false,"{""REASON"": ""popular product"", ""SUPPORT"": []}",false
default,Bags,158,2020-27,false,"{""REASON"": ""popular product"", ""SUPPORT"": []}",false
default,Bags,159,3950-04,false,"{""REASON"": ""popular product"", ""SUPPORT"": []}",false
default,Bags,160,3750-08,false,"{""REASON"": ""popular product"", ""SUPPORT"": []}",false
default,Bags,161,2301-37,false,"{""REASON"": ""popular product"", ""SUPPORT"": []}",false
default,Bags,162,3750-37,false,"{""REASON"": ""popular product"", ""SUPPORT"": []}",false
default,Bags,163,1627-67,false,"{""REASON"": ""popular product"", ""SUPPORT"": []}",false
default,Bags,164,5700-19,false,"{""REASON"": ""popular product"", ""SUPPORT"": []}",false
default,Bags,165,7900-00,false,"{""REASON"": ""popular product"", ""SUPPORT"": []}",false
default,Bags,166,2009-29,false,"{""REASON"": ""popular product"", ""SUPPORT"": []}",false
default,Bags,167,SM-5903,false,"{""REASON"": ""popular product"", ""SUPPORT"": []}",false
default,Bags,168,1111-05,false,"{""REASON"": ""popular product"", ""SUPPORT"": []}",false
default,Bags,169,1111-08,false,"{""REASON"": ""popular product"", ""SUPPORT"": []}",false
default,Bags,170,0022-59,false,"{""REASON"": ""popular product"", ""SUPPORT"": []}",false
default,Bags,171,9020-71,false,"{""REASON"": ""popular product"", ""SUPPORT"": []}",false
default,Bags,172,3850-62,false,"{""REASON"": ""popular product"", ""SUPPORT"": []}",false
default,Bags,173,9006-02,true,"{""REASON"": ""popular product"", ""SUPPORT"": []}",false
default,Bags,174,7950-20,false,"{""REASON"": ""popular product"", ""SUPPORT"": []}",false
default,Bags,175,3750-35,false,"{""REASON"": ""popular product"", ""SUPPORT"": []}",false
default,Bags,176,SM-5755,false,"{""REASON"": ""popular product"", ""SUPPORT"": []}",false
default,Bags,177,SM-7400,false,"{""REASON"": ""popular product"", ""SUPPORT"": []}",false
default,Bags,178,7950-86,false,"{""REASON"": ""popular product"", ""SUPPORT"": []}",false
default,Bags,179,SM-5975,false,"{""REASON"": ""popular product"", ""SUPPORT"": []}",false
default,Bags,180,9550-62,false,"{""REASON"": ""popular product"", ""SUPPORT"": []}",false
default,Bags,181,SM-7753,false,"{""REASON"": ""popular product"", ""SUPPORT"": []}",false
default,Bags,182,2009-64,false,"{""REASON"": ""popular product"", ""SUPPORT"": []}",false
default,Bags,183,0011-34,false,"{""REASON"": ""popular product"", ""SUPPORT"": []}",false
default,Bags,184,3750-78,false,"{""REASON"": ""popular product"", ""SUPPORT"": []}",false
default,Bags,185,8900-03,false,"{""REASON"": ""popular product"", ""SUPPORT"": []}",false
default,Bags,186,6760-45,false,"{""REASON"": ""popular product"", ""SUPPORT"": []}",false
default,Bags,187,7900-46,false,"{""REASON"": ""popular product"", ""SUPPORT"": []}",false
default,Bags,188,SM-7778,false,"{""REASON"": ""popular product"", ""SUPPORT"": []}",false
default,Bags,189,2009-38,false,"{""REASON"": ""popular product"", ""SUPPORT"": []}",false
default,Bags,190,8052-53,false,"{""REASON"": ""popular product"", ""SUPPORT"": []}",false
default,Bags,191,3860-66,false,"{""REASON"": ""popular product"", ""SUPPORT"": []}",false
default,Bags,192,3850-20,false,"{""REASON"": ""popular product"", ""SUPPORT"": []}",false
default,Bags,193,3950-02,false,"{""REASON"": ""popular product"", ""SUPPORT"": []}",false
default,Bags,194,3860-47,false,"{""REASON"": ""popular product"", ""SUPPORT"": []}",false
default,Bags,195,8250-06,false,"{""REASON"": ""popular product"", ""SUPPORT"": []}",false
default,Bags,196,9550-70,false,"{""REASON"": ""popular product"", ""SUPPORT"": []}",false
default,Bags,197,2009-41,false,"{""REASON"": ""popular product"", ""SUPPORT"": []}",false
default,Bags,198,SM-7757,false,"{""REASON"": ""popular product"", ""SUPPORT"": []}",false
default,Bags,199,SM-5954,false,"{""REASON"": ""popular product"", ""SUPPORT"": []}",false
default,Bags,200,1601-06,true,"{""REASON"": ""popular product"", ""SUPPORT"": []}",false
default,Bags,201,SM-7925,false,"{""REASON"": ""popular product"", ""SUPPORT"": []}",false
default,Bags,202,9008-03,false,"{""REASON"": ""popular product"", ""SUPPORT"": []}",false
default,Bags,203,8050-39,false,"{""REASON"": ""popular product"", ""SUPPORT"": []}",false
default,Bags,204,SM-7561,false,"{""REASON"": ""popular product"", ""SUPPORT"": []}",false
default,Bags,205,7900-88,false,"{""REASON"": ""popular product"", ""SUPPORT"": []}",false
default,Bags,206,SM-5753,false,"{""REASON"": ""popular product"", ""SUPPORT"": []}",false
default,Bags,207,2009-48,false,"{""REASON"": ""popular product"", ""SUPPORT"": []}",false
default,Bags,208,SM-5969,false,"{""REASON"": ""popular product"", ""SUPPORT"": []}",false
default,Bags,209,3451-04,false,"{""REASON"": ""popular product"", ""SUPPORT"": []}",false
default,Bags,210,2600-06,false,"{""REASON"": ""popular product"", ""SUPPORT"": []}",false
default,Bags,211,9008-04,true,"{""REASON"": ""popular product"", ""SUPPORT"": []}",false
default,Bags,212,3750-29,false,"{""REASON"": ""popular product"", ""SUPPORT"": []}",false
default,Bags,213,3950-15,false,"{""REASON"": ""popular product"", ""SUPPORT"": []}",false
default,Bags,214,2009-49,false,"{""REASON"": ""popular product"", ""SUPPORT"": []}",false
default,Bags,215,2160-28,false,"{""REASON"": ""popular product"", ""SUPPORT"": []}",false
default,Bags,216,3750-02,false,"{""REASON"": ""popular product"", ""SUPPORT"": []}",false
default,Bags,217,3450-90,false,"{""REASON"": ""popular product"", ""SUPPORT"": []}",false
default,Bags,218,3001-70,false,"{""REASON"": ""popular product"", ""SUPPORT"": []}",false
default,Bags,219,9550-71,false,"{""REASON"": ""popular product"", ""SUPPORT"": []}",false
default,Bags,220,3450-33,false,"{""REASON"": ""popular product"", ""SUPPORT"": []}",false
default,Bags,221,3860-55,false,"{""REASON"": ""popular product"", ""SUPPORT"": []}",false
default,Bags,222,2950-90,false,"{""REASON"": ""popular product"", ""SUPPORT"": []}",false
default,Bags,223,3860-57,false,"{""REASON"": ""popular product"", ""SUPPORT"": []}",false
default,Bags,224,3950-19,false,"{""REASON"": ""popular product"", ""SUPPORT"": []}",false
default,Bags,225,SM-5907,false,"{""REASON"": ""popular product"", ""SUPPORT"": []}",false
default,Bags,226,3860-77,false,"{""REASON"": ""popular product"", ""SUPPORT"": []}",false
default,Bags,227,7900-22,false,"{""REASON"": ""popular product"", ""SUPPORT"": []}",false
default,Bags,228,5790-01,false,"{""REASON"": ""popular product"", ""SUPPORT"": []}",false
default,Bags,229,2610-02,false,"{""REASON"": ""popular product"", ""SUPPORT"": []}",false
default,Bags,230,SM-5846,false,"{""REASON"": ""popular product"", ""SUPPORT"": []}",false
default,Bags,231,5300-80,false,"{""REASON"": ""popular product"", ""SUPPORT"": []}",false
default,Bags,232,SM-7428,false,"{""REASON"": ""popular product"", ""SUPPORT"": []}",false
default,Bags,233,3950-16,false,"{""REASON"": ""popular product"", ""SUPPORT"": []}",false
default,Bags,234,8050-80,false,"{""REASON"": ""popular product"", ""SUPPORT"": []}",false
default,Bags,235,SM-7085,false,"{""REASON"": ""popular product"", ""SUPPORT"": []}",false
default,Bags,236,3251-98,false,"{""REASON"": ""popular product"", ""SUPPORT"": []}",false
default,Bags,237,8052-48,false,"{""REASON"": ""popular product"", ""SUPPORT"": []}",false
default,Bags,238,SM-5953,false,"{""REASON"": ""popular product"", ""SUPPORT"": []}",false
default,Bags,239,8676-01,false,"{""REASON"": ""popular product"", ""SUPPORT"": []}",false
default,Bags,240,1627-56,false,"{""REASON"": ""popular product"", ""SUPPORT"": []}",false
default,Bags,241,2160-95,false,"{""REASON"": ""popular product"", ""SUPPORT"": []}",false
default,Bags,242,7901-15,false,"{""REASON"": ""popular product"", ""SUPPORT"": []}",false
default,Bags,243,2009-32,false,"{""REASON"": ""popular product"", ""SUPPORT"": []}",false
default,Bags,244,9550-60,false,"{""REASON"": ""popular product"", ""SUPPORT"": []}",false
default,Bags,245,3450-54,false,"{""REASON"": ""popular product"", ""SUPPORT"": []}",false
default,Bags,246,3450-40,false,"{""REASON"": ""popular product"", ""SUPPORT"": []}",false
default,Bags,247,3900-03,false,"{""REASON"": ""popular product"", ""SUPPORT"": []}",false
default,Bags,248,3900-02,false,"{""REASON"": ""popular product"", ""SUPPORT"": []}",false
default,Bags,249,SM-5843,false,"{""REASON"": ""popular product"", ""SUPPORT"": []}",false
default,Bags,250,3450-32,false,"{""REASON"": ""popular product"", ""SUPPORT"": []}",false
default,Bags,251,4700-21,false,"{""REASON"": ""popular product"", ""SUPPORT"": []}",false
default,Bags,252,3950-06,false,"{""REASON"": ""popular product"", ""SUPPORT"": []}",false
default,Bags,253,3900-05,false,"{""REASON"": ""popular product"", ""SUPPORT"": []}",false
default,Bags,254,1967-01,false,"{""REASON"": ""popular product"", ""SUPPORT"": []}",false
default,Bags,255,2009-17,false,"{""REASON"": ""popular product"", ""SUPPORT"": []}",false
default,Bags,256,4400-01,false,"{""REASON"": ""popular product"", ""SUPPORT"": []}",false
default,Bags,257,3450-70,false,"{""REASON"": ""popular product"", ""SUPPORT"": []}",false
default,Bags,258,2009-13,false,"{""REASON"": ""popular product"", ""SUPPORT"": []}",false
default,Bags,259,9550-73,false,"{""REASON"": ""popular product"", ""SUPPORT"": []}",false
default,Bags,260,8051-73,false,"{""REASON"": ""popular product"", ""SUPPORT"": []}",false
default,Bags,261,SM-7350,false,"{""REASON"": ""popular product"", ""SUPPORT"": []}",false
default,Bags,262,9006-03,true,"{""REASON"": ""popular product"", ""SUPPORT"": []}",false
default,Bags,263,3750-39,false,"{""REASON"": ""popular product"", ""SUPPORT"": []}",false
default,Bags,264,7951-96,false,"{""REASON"": ""popular product"", ""SUPPORT"": []}",false
default,Bags,265,8200-72,false,"{""REASON"": ""popular product"", ""SUPPORT"": []}",false
default,Bags,266,2009-15,false,"{""REASON"": ""popular product"", ""SUPPORT"": []}",false
default,Bags,267,3005-04,false,"{""REASON"": ""popular product"", ""SUPPORT"": []}",false
default,Bags,268,8052-50,false,"{""REASON"": ""popular product"", ""SUPPORT"": []}",false
default,Bags,269,8051-28,false,"{""REASON"": ""popular product"", ""SUPPORT"": []}",false
default,Bags,270,3860-37,false,"{""REASON"": ""popular product"", ""SUPPORT"": []}",false
default,Bags,271,7901-23,false,"{""REASON"": ""popular product"", ""SUPPORT"": []}",false
default,Bags,272,SM-5964,false,"{""REASON"": ""popular product"", ""SUPPORT"": []}",false
default,Bags,273,SM-5892,false,"{""REASON"": ""popular product"", ""SUPPORT"": []}",false
default,Bags,274,1967-03,false,"{""REASON"": ""popular product"", ""SUPPORT"": []}",false
default,Bags,275,2600-08,false,"{""REASON"": ""popular product"", ""SUPPORT"": []}",false
default,Bags,276,2550-24,false,"{""REASON"": ""popular product"", ""SUPPORT"": []}",false
default,Bags,277,2009-44,false,"{""REASON"": ""popular product"", ""SUPPORT"": []}",false
default,Bags,278,2009-23,false,"{""REASON"": ""popular product"", ""SUPPORT"": []}",false
default,Bags,279,3950-17,false,"{""REASON"": ""popular product"", ""SUPPORT"": []}",false
default,Bags,280,1026-10,false,"{""REASON"": ""popular product"", ""SUPPORT"": []}",false
default,Bags,281,8676-04,false,"{""REASON"": ""popular product"", ""SUPPORT"": []}",false
default,Bags,282,8676-06,false,"{""REASON"": ""popular product"", ""SUPPORT"": []}",false
default,Bags,283,3005-26,false,"{""REASON"": ""popular product"", ""SUPPORT"": []}",false
default,Bags,284,8050-18,false,"{""REASON"": ""popular product"", ""SUPPORT"": []}",false
default,Bags,285,3950-10,false,"{""REASON"": ""popular product"", ""SUPPORT"": []}",false
default,Bags,286,2009-22,false,"{""REASON"": ""popular product"", ""SUPPORT"": []}",false
default,Bags,287,9008-01,false,"{""REASON"": ""popular product"", ""SUPPORT"": []}",false
default,Bags,288,4400-14,false,"{""REASON"": ""popular product"", ""SUPPORT"": []}",false
default,Bags,289,2009-36,false,"{""REASON"": ""popular product"", ""SUPPORT"": []}",false
default,Bags,290,8676-03,false,"{""REASON"": ""popular product"", ""SUPPORT"": []}",false
default,Bags,291,2600-12,false,"{""REASON"": ""popular product"", ""SUPPORT"": []}",false
default,Bags,292,8400-30,false,"{""REASON"": ""popular product"", ""SUPPORT"": []}",false
default,Bags,293,3451-03,false,"{""REASON"": ""popular product"", ""SUPPORT"": []}",false
default,Bags,294,3450-74,false,"{""REASON"": ""popular product"", ""SUPPORT"": []}",false
default,Bags,295,1627-70,false,"{""REASON"": ""popular product"", ""SUPPORT"": []}",false
default,Bags,296,7951-97,false,"{""REASON"": ""popular product"", ""SUPPORT"": []}",false
default,Bags,297,3750-59,false,"{""REASON"": ""popular product"", ""SUPPORT"": []}",false
default,Bags,298,1967-02,false,"{""REASON"": ""popular product"", ""SUPPORT"": []}",false
default,Bags,299,7950-37,false,"{""REASON"": ""popular product"", ""SUPPORT"": []}",false
default,Bags,300,3450-45,false,"{""REASON"": ""popular product"", ""SUPPORT"": []}",false
default,Bags,301,0011-03,false,"{""REASON"": ""popular product"", ""SUPPORT"": []}",false
default,Bags,302,3005-74,false,"{""REASON"": ""popular product"", ""SUPPORT"": []}",false
default,Drinkware,1,1625-85,false,"{""REASON"": ""popular product"", ""SUPPORT"": []}",false
default,Drinkware,2,SM-6948,true,"{""REASON"": ""popular product"", ""SUPPORT"": []}",false
default,Drinkware,3,1603-15,true,"{""REASON"": ""popular product"", ""SUPPORT"": []}",false
default,Drinkware,4,SM-6908,false,"{""REASON"": ""popular product"", ""SUPPORT"": []}",false
default,Drinkware,5,1626-50,false,"{""REASON"": ""popular product"", ""SUPPORT"": []}",false
default,Drinkware,6,SM-6924,false,"{""REASON"": ""popular product"", ""SUPPORT"": []}",false
default,Drinkware,7,1601-93,false,"{""REASON"": ""popular product"", ""SUPPORT"": []}",false
default,Drinkware,8,SM-6686,false,"{""REASON"": ""popular product"", ""SUPPORT"": []}",false
default,Drinkware,9,1601-91,false,"{""REASON"": ""popular product"", ""SUPPORT"": []}",false
default,Drinkware,10,1624-74,false,"{""REASON"": ""popular product"", ""SUPPORT"": []}",false
default,Drinkware,11,1601-95,true,"{""REASON"": ""popular product"", ""SUPPORT"": []}",false
default,Drinkware,12,1627-30,false,"{""REASON"": ""popular product"", ""SUPPORT"": []}",false
default,Drinkware,13,1625-66,false,"{""REASON"": ""popular product"", ""SUPPORT"": []}",false
default,Drinkware,14,SM-6928,false,"{""REASON"": ""popular product"", ""SUPPORT"": []}",false
default,Drinkware,15,1625-53,false,"{""REASON"": ""popular product"", ""SUPPORT"": []}",false
default,Drinkware,16,1627-37,false,"{""REASON"": ""popular product"", ""SUPPORT"": []}",false
default,Drinkware,17,1601-94,false,"{""REASON"": ""popular product"", ""SUPPORT"": []}",false
default,Drinkware,18,SM-6709,false,"{""REASON"": ""popular product"", ""SUPPORT"": []}",false
default,Drinkware,19,1625-76,false,"{""REASON"": ""popular product"", ""SUPPORT"": []}",false
default,Drinkware,20,1625-69,false,"{""REASON"": ""popular product"", ""SUPPORT"": []}",false
default,Drinkware,21,SM-6789,false,"{""REASON"": ""popular product"", ""SUPPORT"": []}",false
default,Drinkware,22,SM-6355,false,"{""REASON"": ""popular product"", ""SUPPORT"": []}",false
default,Drinkware,23,SM-6375,false,"{""REASON"": ""popular product"", ""SUPPORT"": []}",false
default,Drinkware,24,SM-6942,false,"{""REASON"": ""popular product"", ""SUPPORT"": []}",false
default,Drinkware,25,1601-96,false,"{""REASON"": ""popular product"", ""SUPPORT"": []}",false
default,Drinkware,26,1626-37,false,"{""REASON"": ""popular product"", ""SUPPORT"": []}",false
default,Drinkware,27,1627-33,false,"{""REASON"": ""popular product"", ""SUPPORT"": []}",false
default,Drinkware,28,SM-6939,false,"{""REASON"": ""popular product"", ""SUPPORT"": []}",false
default,Drinkware,29,1601-92,false,"{""REASON"": ""popular product"", ""SUPPORT"": []}",false
default,Drinkware,30,1627-24,false,"{""REASON"": ""popular product"", ""SUPPORT"": []}",false
default,Drinkware,31,1626-47,false,"{""REASON"": ""popular product"", ""SUPPORT"": []}",false
default,Drinkware,32,SM-6667,false,"{""REASON"": ""popular product"", ""SUPPORT"": []}",false
default,Drinkware,33,1600-36,false,"{""REASON"": ""popular product"", ""SUPPORT"": []}",false
default,Drinkware,34,1628-09,false,"{""REASON"": ""popular product"", ""SUPPORT"": []}",false
default,Drinkware,35,1600-32,false,"{""REASON"": ""popular product"", ""SUPPORT"": []}",false
default,Drinkware,36,1600-33,false,"{""REASON"": ""popular product"", ""SUPPORT"": []}",false
default,Drinkware,37,SM-6949,false,"{""REASON"": ""popular product"", ""SUPPORT"": []}",false
default,Drinkware,38,1625-41,false,"{""REASON"": ""popular product"", ""SUPPORT"": []}",false
default,Drinkware,39,1626-35,false,"{""REASON"": ""popular product"", ""SUPPORT"": []}",false
default,Drinkware,40,SM-6975,false,"{""REASON"": ""popular product"", ""SUPPORT"": []}",false
default,Drinkware,41,SM-6330,false,"{""REASON"": ""popular product"", ""SUPPORT"": []}",false
default,Drinkware,42,SM-6799,false,"{""REASON"": ""popular product"", ""SUPPORT"": []}",false
default,Drinkware,43,1625-47,false,"{""REASON"": ""popular product"", ""SUPPORT"": []}",false
default,Drinkware,44,SM-6835,false,"{""REASON"": ""popular product"", ""SUPPORT"": []}",false
default,Drinkware,45,SM-6685,false,"{""REASON"": ""popular product"", ""SUPPORT"": []}",false
default,Drinkware,46,1628-20,false,"{""REASON"": ""popular product"", ""SUPPORT"": []}",false
default,Drinkware,47,1625-67,false,"{""REASON"": ""popular product"", ""SUPPORT"": []}",false
default,Drinkware,48,1600-14,false,"{""REASON"": ""popular product"", ""SUPPORT"": []}",false
default,Drinkware,49,1628-14,false,"{""REASON"": ""popular product"", ""SUPPORT"": []}",false
default,Drinkware,50,1628-31,false,"{""REASON"": ""popular product"", ""SUPPORT"": []}",false
default,Drinkware,51,1627-32,false,"{""REASON"": ""popular product"", ""SUPPORT"": []}",false
default,Drinkware,52,1626-46,false,"{""REASON"": ""popular product"", ""SUPPORT"": []}",false
default,Drinkware,53,1623-41,false,"{""REASON"": ""popular product"", ""SUPPORT"": []}",false
default,Drinkware,54,1627-38,false,"{""REASON"": ""popular product"", ""SUPPORT"": []}",false
default,Drinkware,55,1628-82,false,"{""REASON"": ""popular product"", ""SUPPORT"": []}",false
default,Drinkware,56,SM-6926,false,"{""REASON"": ""popular product"", ""SUPPORT"": []}",false
default,Drinkware,57,1626-41,false,"{""REASON"": ""popular product"", ""SUPPORT"": []}",false
default,Drinkware,58,SM-6598,false,"{""REASON"": ""popular product"", ""SUPPORT"": []}",false
default,Drinkware,59,1627-17,false,"{""REASON"": ""popular product"", ""SUPPORT"": []}",false
default,Drinkware,60,1627-16,false,"{""REASON"": ""popular product"", ""SUPPORT"": []}",false
default,Drinkware,61,1600-61,false,"{""REASON"": ""popular product"", ""SUPPORT"": []}",false
default,Drinkware,62,1622-63,false,"{""REASON"": ""popular product"", ""SUPPORT"": []}",false
default,Drinkware,63,1600-39,false,"{""REASON"": ""popular product"", ""SUPPORT"": []}",false
default,Drinkware,64,1628-53,false,"{""REASON"": ""popular product"", ""SUPPORT"": []}",false
default,Drinkware,65,1628-80,false,"{""REASON"": ""popular product"", ""SUPPORT"": []}",false
default,Drinkware,66,1628-46,false,"{""REASON"": ""popular product"", ""SUPPORT"": []}",false
default,Drinkware,67,1600-60,false,"{""REASON"": ""popular product"", ""SUPPORT"": []}",false
default,Drinkware,68,1623-65,false,"{""REASON"": ""popular product"", ""SUPPORT"": []}",false
default,Drinkware,69,1626-22,false,"{""REASON"": ""popular product"", ""SUPPORT"": []}",false
default,Drinkware,70,SM-6867,false,"{""REASON"": ""popular product"", ""SUPPORT"": []}",false
default,Drinkware,71,SM-6814,false,"{""REASON"": ""popular product"", ""SUPPORT"": []}",false
default,Drinkware,72,1627-39,false,"{""REASON"": ""popular product"", ""SUPPORT"": []}",false
default,Drinkware,73,1628-41,false,"{""REASON"": ""popular product"", ""SUPPORT"": []}",false
default,Drinkware,74,1627-25,false,"{""REASON"": ""popular product"", ""SUPPORT"": []}",false
default,Drinkware,75,SM-6673,false,"{""REASON"": ""popular product"", ""SUPPORT"": []}",false
default,Drinkware,76,SM-6941,false,"{""REASON"": ""popular product"", ""SUPPORT"": []}",false
default,Drinkware,77,1622-97,false,"{""REASON"": ""popular product"", ""SUPPORT"": []}",false
default,Drinkware,78,1628-56,false,"{""REASON"": ""popular product"", ""SUPPORT"": []}",false
default,Drinkware,79,1627-31,false,"{""REASON"": ""popular product"", ""SUPPORT"": []}",false
default,Drinkware,80,SM-6931,false,"{""REASON"": ""popular product"", ""SUPPORT"": []}",false
default,Drinkware,81,SM-6740,false,"{""REASON"": ""popular product"", ""SUPPORT"": []}",false
default,Drinkware,82,1601-97,false,"{""REASON"": ""popular product"", ""SUPPORT"": []}",false
default,Drinkware,83,1600-23,false,"{""REASON"": ""popular product"", ""SUPPORT"": []}",false
default,Drinkware,84,SM-6937,false,"{""REASON"": ""popular product"", ""SUPPORT"": []}",false
default,Drinkware,85,1625-40,false,"{""REASON"": ""popular product"", ""SUPPORT"": []}",false
default,Drinkware,86,SM-6943,false,"{""REASON"": ""popular product"", ""SUPPORT"": []}",false
default,Drinkware,87,1627-40,false,"{""REASON"": ""popular product"", ""SUPPORT"": []}",false
default,Drinkware,88,1624-92,false,"{""REASON"": ""popular product"", ""SUPPORT"": []}",false
default,Drinkware,89,1600-43,false,"{""REASON"": ""popular product"", ""SUPPORT"": []}",false
default,Drinkware,90,0011-86,false,"{""REASON"": ""popular product"", ""SUPPORT"": []}",false
default,Drinkware,91,SM-6921,false,"{""REASON"": ""popular product"", ""SUPPORT"": []}",false
default,Drinkware,92,SM-6640,false,"{""REASON"": ""popular product"", ""SUPPORT"": []}",false
default,Drinkware,93,1627-13,false,"{""REASON"": ""popular product"", ""SUPPORT"": []}",false
default,Drinkware,94,1600-38,false,"{""REASON"": ""popular product"", ""SUPPORT"": []}",false
default,Drinkware,95,1600-40,false,"{""REASON"": ""popular product"", ""SUPPORT"": []}",false
default,Drinkware,96,SM-6313,false,"{""REASON"": ""popular product"", ""SUPPORT"": []}",false
default,Drinkware,97,1600-04,false,"{""REASON"": ""popular product"", ""SUPPORT"": []}",false
default,Drinkware,98,1627-36,false,"{""REASON"": ""popular product"", ""SUPPORT"": []}",false
default,Drinkware,99,1628-90,false,"{""REASON"": ""popular product"", ""SUPPORT"": []}",false
default,Drinkware,100,SM-6665,false,"{""REASON"": ""popular product"", ""SUPPORT"": []}",false
default,Drinkware,101,1628-87,false,"{""REASON"": ""popular product"", ""SUPPORT"": []}",false
default,Drinkware,102,SM-6784,false,"{""REASON"": ""popular product"", ""SUPPORT"": []}",false
default,Drinkware,103,1600-35,false,"{""REASON"": ""popular product"", ""SUPPORT"": []}",false
default,Drinkware,104,1600-44,false,"{""REASON"": ""popular product"", ""SUPPORT"": []}",false
default,Drinkware,105,SM-6820,false,"{""REASON"": ""popular product"", ""SUPPORT"": []}",false
default,Drinkware,106,1600-37,false,"{""REASON"": ""popular product"", ""SUPPORT"": []}",false
default,Drinkware,107,1600-41,false,"{""REASON"": ""popular product"", ""SUPPORT"": []}",false
default,Drinkware,108,SM-6788,false,"{""REASON"": ""popular product"", ""SUPPORT"": []}",false
default,Drinkware,109,1626-44,false,"{""REASON"": ""popular product"", ""SUPPORT"": []}",false
default,Drinkware,110,1628-78,false,"{""REASON"": ""popular product"", ""SUPPORT"": []}",false
default,Drinkware,111,SM-6697,false,"{""REASON"": ""popular product"", ""SUPPORT"": []}",false
default,Drinkware,112,1628-88,false,"{""REASON"": ""popular product"", ""SUPPORT"": []}",false
default,Drinkware,113,1629-01,false,"{""REASON"": ""popular product"", ""SUPPORT"": []}",false
default,Drinkware,114,1627-28,false,"{""REASON"": ""popular product"", ""SUPPORT"": []}",false
default,Drinkware,115,1600-42,false,"{""REASON"": ""popular product"", ""SUPPORT"": []}",false
default,Drinkware,116,SM-6822,false,"{""REASON"": ""popular product"", ""SUPPORT"": []}",false
default,Drinkware,117,1628-89,false,"{""REASON"": ""popular product"", ""SUPPORT"": []}",false
default,Drinkware,118,SM-6932,false,"{""REASON"": ""popular product"", ""SUPPORT"": []}",false
default,Drinkware,119,1601-08,false,"{""REASON"": ""popular product"", ""SUPPORT"": []}",false
default,Drinkware,120,1625-22,false,"{""REASON"": ""popular product"", ""SUPPORT"": []}",false
default,Drinkware,121,1627-35,false,"{""REASON"": ""popular product"", ""SUPPORT"": []}",false
default,Drinkware,122,1626-60,false,"{""REASON"": ""popular product"", ""SUPPORT"": []}",false
default,Drinkware,123,1621-84,false,"{""REASON"": ""popular product"", ""SUPPORT"": []}",false
default,Drinkware,124,1628-91,false,"{""REASON"": ""popular product"", ""SUPPORT"": []}",false
default,Drinkware,125,1600-73,false,"{""REASON"": ""popular product"", ""SUPPORT"": []}",false
default,Drinkware,126,SM-6933,false,"{""REASON"": ""popular product"", ""SUPPORT"": []}",false
default,Drinkware,127,SM-6012,true,"{""REASON"": ""popular product"", ""SUPPORT"": []}",false
default,Drinkware,128,1600-29,false,"{""REASON"": ""popular product"", ""SUPPORT"": []}",false
default,Drinkware,129,1600-93,false,"{""REASON"": ""popular product"", ""SUPPORT"": []}",false
default,Stationery,1,2700-33,false,"{""REASON"": ""popular product"", ""SUPPORT"": []}",false
default,Stationery,2,1921-09,false,"{""REASON"": ""popular product"", ""SUPPORT"": []}",false
default,Stationery,3,SM-4101,false,"{""REASON"": ""popular product"", ""SUPPORT"": []}",false
default,Stationery,4,2700-03,false,"{""REASON"": ""popular product"", ""SUPPORT"": []}",false
default,Stationery,5,2800-29,false,"{""REASON"": ""popular product"", ""SUPPORT"": []}",false
default,Stationery,6,0600-10,false,"{""REASON"": ""popular product"", ""SUPPORT"": []}",false
default,Stationery,7,6620-33,false,"{""REASON"": ""popular product"", ""SUPPORT"": []}",false
default,Stationery,8,2800-11,false,"{""REASON"": ""popular product"", ""SUPPORT"": []}",false
default,Stationery,9,2800-82,false,"{""REASON"": ""popular product"", ""SUPPORT"": []}",false
default,Stationery,10,0770-10,false,"{""REASON"": ""popular product"", ""SUPPORT"": []}",false
default,Stationery,11,2700-67,false,"{""REASON"": ""popular product"", ""SUPPORT"": []}",false
default,Stationery,12,SM-3468,false,"{""REASON"": ""popular product"", ""SUPPORT"": []}",false
default,Stationery,13,SM-3455,false,"{""REASON"": ""popular product"", ""SUPPORT"": []}",false
default,Stationery,14,1065-08,false,"{""REASON"": ""popular product"", ""SUPPORT"": []}",false
default,Stationery,15,6620-31,false,"{""REASON"": ""popular product"", ""SUPPORT"": []}",false
default,Stationery,16,SM-3443,false,"{""REASON"": ""popular product"", ""SUPPORT"": []}",false
default,Stationery,17,SM-3429,false,"{""REASON"": ""popular product"", ""SUPPORT"": []}",false
default,Stationery,18,2800-46,false,"{""REASON"": ""popular product"", ""SUPPORT"": []}",false
default,Stationery,19,SM-3414,false,"{""REASON"": ""popular product"", ""SUPPORT"": []}",false
default,Stationery,20,2700-07,false,"{""REASON"": ""popular product"", ""SUPPORT"": []}",false
default,Stationery,21,0911-22,false,"{""REASON"": ""popular product"", ""SUPPORT"": []}",false
default,Stationery,22,SM-3597,false,"{""REASON"": ""popular product"", ""SUPPORT"": []}",false
default,Stationery,23,2800-03,false,"{""REASON"": ""popular product"", ""SUPPORT"": []}",false
default,Stationery,24,1015-86,false,"{""REASON"": ""popular product"", ""SUPPORT"": []}",false
default,Stationery,25,SM-5256,false,"{""REASON"": ""popular product"", ""SUPPORT"": []}",false
default,Stationery,26,SM-4616,false,"{""REASON"": ""popular product"", ""SUPPORT"": []}",false
default,Stationery,27,SM-5268,true,"{""REASON"": ""popular product"", ""SUPPORT"": []}",false
default,Stationery,28,1066-54,false,"{""REASON"": ""popular product"", ""SUPPORT"": []}",false
default,Stationery,29,SM-5269,true,"{""REASON"": ""popular product"", ""SUPPORT"": []}",false
default,Stationery,30,0551-01,false,"{""REASON"": ""popular product"", ""SUPPORT"": []}",false
default,Stationery,31,SM-3484,false,"{""REASON"": ""popular product"", ""SUPPORT"": []}",false
default,Stationery,32,2700-05,false,"{""REASON"": ""popular product"", ""SUPPORT"": []}",false
default,Stationery,33,0770-01,false,"{""REASON"": ""popular product"", ""SUPPORT"": []}",false
default,Stationery,34,2700-02,false,"{""REASON"": ""popular product"", ""SUPPORT"": []}",false
default,Stationery,35,0912-01,false,"{""REASON"": ""popular product"", ""SUPPORT"": []}",false
default,Stationery,36,2700-63,false,"{""REASON"": ""popular product"", ""SUPPORT"": []}",false
default,Stationery,37,SM-3534,false,"{""REASON"": ""popular product"", ""SUPPORT"": []}",false
default,Stationery,38,SM-3616,false,"{""REASON"": ""popular product"", ""SUPPORT"": []}",false
default,Stationery,39,SM-3412,false,"{""REASON"": ""popular product"", ""SUPPORT"": []}",false
default,Stationery,40,2800-45,false,"{""REASON"": ""popular product"", ""SUPPORT"": []}",false
default,Stationery,41,1035-81,false,"{""REASON"": ""popular product"", ""SUPPORT"": []}",false
default,Stationery,42,1015-26,false,"{""REASON"": ""popular product"", ""SUPPORT"": []}",false
default,Stationery,43,0770-06,false,"{""REASON"": ""popular product"", ""SUPPORT"": []}",false
default,Stationery,44,1521-20,false,"{""REASON"": ""popular product"", ""SUPPORT"": []}",false
default,Stationery,45,1015-17,false,"{""REASON"": ""popular product"", ""SUPPORT"": []}",false
default,Stationery,46,2800-80,true,"{""REASON"": ""popular product"", ""SUPPORT"": []}",false
default,Stationery,47,2800-79,false,"{""REASON"": ""popular product"", ""SUPPORT"": []}",false
default,Stationery,48,SM-4347,false,"{""REASON"": ""popular product"", ""SUPPORT"": []}",false
default,Stationery,49,2800-81,false,"{""REASON"": ""popular product"", ""SUPPORT"": []}",false
default,Stationery,50,0911-31,false,"{""REASON"": ""popular product"", ""SUPPORT"": []}",false
default,Stationery,51,0600-01,false,"{""REASON"": ""popular product"", ""SUPPORT"": []}",false
default,Stationery,52,0551-06,false,"{""REASON"": ""popular product"", ""SUPPORT"": []}",false
default,Stationery,53,2800-01,false,"{""REASON"": ""popular product"", ""SUPPORT"": []}",false
default,Stationery,54,SM-3686,false,"{""REASON"": ""popular product"", ""SUPPORT"": []}",false
default,Stationery,55,SM-4801,false,"{""REASON"": ""popular product"", ""SUPPORT"": []}",false
default,Stationery,56,0911-32,false,"{""REASON"": ""popular product"", ""SUPPORT"": []}",false
default,Stationery,57,1066-61,true,"{""REASON"": ""popular product"", ""SUPPORT"": []}",false
default,Stationery,58,1066-55,false,"{""REASON"": ""popular product"", ""SUPPORT"": []}",false
default,Stationery,59,2800-94,false,"{""REASON"": ""popular product"", ""SUPPORT"": []}",false
default,Stationery,60,2800-65,false,"{""REASON"": ""popular product"", ""SUPPORT"": []}",false
default,Stationery,61,1000-10,false,"{""REASON"": ""popular product"", ""SUPPORT"": []}",false
default,Stationery,62,SM-3500,false,"{""REASON"": ""popular product"", ""SUPPORT"": []}",false
default,Stationery,63,2800-71,false,"{""REASON"": ""popular product"", ""SUPPORT"": []}",false
default,Stationery,64,0914-01,false,"{""REASON"": ""popular product"", ""SUPPORT"": []}",false
default,Stationery,65,SM-5255,false,"{""REASON"": ""popular product"", ""SUPPORT"": []}",false
default,Stationery,66,2800-19,false,"{""REASON"": ""popular product"", ""SUPPORT"": []}",false
default,Stationery,67,0770-77,false,"{""REASON"": ""popular product"", ""SUPPORT"": []}",false
default,Stationery,68,2800-58,false,"{""REASON"": ""popular product"", ""SUPPORT"": []}",false
default,Stationery,69,0911-20,false,"{""REASON"": ""popular product"", ""SUPPORT"": []}",false
default,Stationery,70,2900-45,false,"{""REASON"": ""popular product"", ""SUPPORT"": []}",false
default,Stationery,71,0911-07,false,"{""REASON"": ""popular product"", ""SUPPORT"": []}",false
default,Stationery,72,2700-53,false,"{""REASON"": ""popular product"", ""SUPPORT"": []}",false
default,Stationery,73,0551-10,false,"{""REASON"": ""popular product"", ""SUPPORT"": []}",false
default,Stationery,74,1066-18,false,"{""REASON"": ""popular product"", ""SUPPORT"": []}",false
default,Stationery,75,2800-56,false,"{""REASON"": ""popular product"", ""SUPPORT"": []}",false
default,Stationery,76,1066-60,true,"{""REASON"": ""popular product"", ""SUPPORT"": []}",false
default,Stationery,77,2700-04,false,"{""REASON"": ""popular product"", ""SUPPORT"": []}",false
default,Stationery,78,1921-10,false,"{""REASON"": ""popular product"", ""SUPPORT"": []}",false
default,Stationery,79,2900-46,false,"{""REASON"": ""popular product"", ""SUPPORT"": []}",false
default,Stationery,80,2800-74,false,"{""REASON"": ""popular product"", ""SUPPORT"": []}",false
default,Stationery,81,SM-3457,false,"{""REASON"": ""popular product"", ""SUPPORT"": []}",false
default,Stationery,82,0911-19,false,"{""REASON"": ""popular product"", ""SUPPORT"": []}",false
default,Stationery,83,SM-5274,false,"{""REASON"": ""popular product"", ""SUPPORT"": []}",false
default,Stationery,84,2800-95,false,"{""REASON"": ""popular product"", ""SUPPORT"": []}",false
default,Stationery,85,0400-10,false,"{""REASON"": ""popular product"", ""SUPPORT"": []}",false
default,Stationery,86,SM-5260,false,"{""REASON"": ""popular product"", ""SUPPORT"": []}",false
default,Stationery,87,0911-05,false,"{""REASON"": ""popular product"", ""SUPPORT"": []}",false
default,Stationery,88,SM-5270,true,"{""REASON"": ""popular product"", ""SUPPORT"": []}",false
default,Stationery,89,0911-01,false,"{""REASON"": ""popular product"", ""SUPPORT"": []}",false
default,Stationery,90,1067-62,false,"{""REASON"": ""popular product"", ""SUPPORT"": []}",false
default,Stationery,91,0911-18,false,"{""REASON"": ""popular product"", ""SUPPORT"": []}",false
default,Stationery,92,SM-5280,true,"{""REASON"": ""popular product"", ""SUPPORT"": []}",false
default,Stationery,93,SM-5264,true,"{""REASON"": ""popular product"", ""SUPPORT"": []}",false
default,Stationery,94,0911-33,false,"{""REASON"": ""popular product"", ""SUPPORT"": []}",false
default,Stationery,95,SM-5273,false,"{""REASON"": ""popular product"", ""SUPPORT"": []}",false
default,Stationery,96,SM-5262,false,"{""REASON"": ""popular product"", ""SUPPORT"": []}",false
default,Stationery,97,1066-56,false,"{""REASON"": ""popular product"", ""SUPPORT"": []}",false
default,Stationery,98,3280-10,false,"{""REASON"": ""popular product"", ""SUPPORT"": []}",false
default,Stationery,99,1066-62,true,"{""REASON"": ""popular product"", ""SUPPORT"": []}",false
default,Stationery,100,1921-12,false,"{""REASON"": ""popular product"", ""SUPPORT"": []}",false
default,Stationery,101,SM-3583,false,"{""REASON"": ""popular product"", ""SUPPORT"": []}",false
default,Stationery,102,0913-02,false,"{""REASON"": ""popular product"", ""SUPPORT"": []}",false
default,Stationery,103,0913-03,false,"{""REASON"": ""popular product"", ""SUPPORT"": []}",false
default,Stationery,104,SM-5279,true,"{""REASON"": ""popular product"", ""SUPPORT"": []}",false
default,Stationery,105,1000-01,false,"{""REASON"": ""popular product"", ""SUPPORT"": []}",false
default,Stationery,106,2700-52,false,"{""REASON"": ""popular product"", ""SUPPORT"": []}",false
default,Stationery,107,SM-5277,true,"{""REASON"": ""popular product"", ""SUPPORT"": []}",false
default,Stationery,108,0913-01,false,"{""REASON"": ""popular product"", ""SUPPORT"": []}",false
default,Stationery,109,1066-57,false,"{""REASON"": ""popular product"", ""SUPPORT"": []}",false
default,Stationery,110,1066-58,false,"{""REASON"": ""popular product"", ""SUPPORT"": []}",false
default,Stationery,111,SM-5281,true,"{""REASON"": ""popular product"", ""SUPPORT"": []}",false
default,Stationery,112,2800-96,false,"{""REASON"": ""popular product"", ""SUPPORT"": []}",false
default,Stationery,113,SM-5265,false,"{""REASON"": ""popular product"", ""SUPPORT"": []}",false
default,Stationery,114,2800-21,false,"{""REASON"": ""popular product"", ""SUPPORT"": []}",false
default,Stationery,115,SM-5278,false,"{""REASON"": ""popular product"", ""SUPPORT"": []}",false
default,Stationery,116,2800-39,false,"{""REASON"": ""popular product"", ""SUPPORT"": []}",false
default,Stationery,117,2800-98,false,"{""REASON"": ""popular product"", ""SUPPORT"": []}",false
default,Stationery,118,0911-14,false,"{""REASON"": ""popular product"", ""SUPPORT"": []}",false
default,Stationery,119,0911-03,false,"{""REASON"": ""popular product"", ""SUPPORT"": []}",false
default,Stationery,120,SM-5263,false,"{""REASON"": ""popular product"", ""SUPPORT"": []}",false
default,Stationery,121,SM-5282,true,"{""REASON"": ""popular product"", ""SUPPORT"": []}",false
default,Stationery,122,SM-5283,false,"{""REASON"": ""popular product"", ""SUPPORT"": []}",false
default,Home & Outdoor,1,SM-8720,false,"{""REASON"": ""popular product"", ""SUPPORT"": []}",false
default,Home & Outdoor,2,7950-57,false,"{""REASON"": ""popular product"", ""SUPPORT"": []}",false
default,Home & Outdoor,3,SM-2430,false,"{""REASON"": ""popular product"", ""SUPPORT"": []}",false
default,Home & Outdoor,4,7950-52,false,"{""REASON"": ""popular product"", ""SUPPORT"": []}",false
default,Home & Outdoor,5,1081-72,false,"{""REASON"": ""popular product"", ""SUPPORT"": []}",false
default,Home & Outdoor,6,1033-78,false,"{""REASON"": ""popular product"", ""SUPPORT"": []}",false
default,Home & Outdoor,7,SM-8799,false,"{""REASON"": ""popular product"", ""SUPPORT"": []}",false
default,Home & Outdoor,8,1080-02,false,"{""REASON"": ""popular product"", ""SUPPORT"": []}",false
default,Home & Outdoor,9,1081-11,false,"{""REASON"": ""popular product"", ""SUPPORT"": []}",false
default,Home & Outdoor,10,1070-13,false,"{""REASON"": ""popular product"", ""SUPPORT"": []}",false
default,Home & Outdoor,11,7950-51,false,"{""REASON"": ""popular product"", ""SUPPORT"": []}",false
default,Home & Outdoor,12,1082-02,false,"{""REASON"": ""popular product"", ""SUPPORT"": []}",false
default,Home & Outdoor,13,SM-9403,false,"{""REASON"": ""popular product"", ""SUPPORT"": []}",false
default,Home & Outdoor,14,SM-3267,false,"{""REASON"": ""popular product"", ""SUPPORT"": []}",false
default,Home & Outdoor,15,SM-7749,false,"{""REASON"": ""popular product"", ""SUPPORT"": []}",false
default,Home & Outdoor,16,SM-3345,false,"{""REASON"": ""popular product"", ""SUPPORT"": []}",false
default,Home & Outdoor,17,5050-01,true,"{""REASON"": ""popular product"", ""SUPPORT"": []}",false
default,Home & Outdoor,18,1430-28,false,"{""REASON"": ""popular product"", ""SUPPORT"": []}",false
default,Home & Outdoor,19,SM-3266,false,"{""REASON"": ""popular product"", ""SUPPORT"": []}",false
default,Home & Outdoor,20,1010-05,false,"{""REASON"": ""popular product"", ""SUPPORT"": []}",false
default,Home & Outdoor,21,1080-34,false,"{""REASON"": ""popular product"", ""SUPPORT"": []}",false
default,Home & Outdoor,22,7950-88,false,"{""REASON"": ""popular product"", ""SUPPORT"": []}",false
default,Home & Outdoor,23,SM-8713,false,"{""REASON"": ""popular product"", ""SUPPORT"": []}",false
default,Home & Outdoor,24,SM-6890,false,"{""REASON"": ""popular product"", ""SUPPORT"": []}",false
default,Home & Outdoor,25,SM-9732,false,"{""REASON"": ""popular product"", ""SUPPORT"": []}",false
default,Home & Outdoor,26,5050-02,true,"{""REASON"": ""popular product"", ""SUPPORT"": []}",false
default,Home & Outdoor,27,1400-32,false,"{""REASON"": ""popular product"", ""SUPPORT"": []}",false
default,Home & Outdoor,28,SM-2425,false,"{""REASON"": ""popular product"", ""SUPPORT"": []}",false
default,Home & Outdoor,29,SM-7796,false,"{""REASON"": ""popular product"", ""SUPPORT"": []}",false
default,Home & Outdoor,30,SM-8798,false,"{""REASON"": ""popular product"", ""SUPPORT"": []}",false
default,Home & Outdoor,31,SM-9408,false,"{""REASON"": ""popular product"", ""SUPPORT"": []}",false
default,Home & Outdoor,32,SM-7705,false,"{""REASON"": ""popular product"", ""SUPPORT"": []}",false
default,Home & Outdoor,33,1400-56,false,"{""REASON"": ""popular product"", ""SUPPORT"": []}",false
default,Home & Outdoor,34,8850-02,false,"{""REASON"": ""popular product"", ""SUPPORT"": []}",false
default,Home & Outdoor,35,SM-8710,false,"{""REASON"": ""popular product"", ""SUPPORT"": []}",false
default,Home & Outdoor,36,SM-9737,false,"{""REASON"": ""popular product"", ""SUPPORT"": []}",false
default,Home & Outdoor,37,5050-04,false,"{""REASON"": ""popular product"", ""SUPPORT"": []}",false
default,Home & Outdoor,38,1081-06,false,"{""REASON"": ""popular product"", ""SUPPORT"": []}",false
default,Home & Outdoor,39,SM-9401,false,"{""REASON"": ""popular product"", ""SUPPORT"": []}",false
default,Home & Outdoor,40,1033-85,false,"{""REASON"": ""popular product"", ""SUPPORT"": []}",false
default,Home & Outdoor,41,SM-1533,false,"{""REASON"": ""popular product"", ""SUPPORT"": []}",false
default,Home & Outdoor,42,SM-7952,false,"{""REASON"": ""popular product"", ""SUPPORT"": []}",false
default,Home & Outdoor,43,1070-15,false,"{""REASON"": ""popular product"", ""SUPPORT"": []}",false
default,Home & Outdoor,44,5050-03,true,"{""REASON"": ""popular product"", ""SUPPORT"": []}",false
default,Home & Outdoor,45,8850-01,false,"{""REASON"": ""popular product"", ""SUPPORT"": []}",false
default,Home & Outdoor,46,7951-88,false,"{""REASON"": ""popular product"", ""SUPPORT"": []}",false
default,Home & Outdoor,47,1033-64,false,"{""REASON"": ""popular product"", ""SUPPORT"": []}",false
default,Home & Outdoor,48,SM-1502,false,"{""REASON"": ""popular product"", ""SUPPORT"": []}",false
default,Home & Outdoor,49,SM-7700,false,"{""REASON"": ""popular product"", ""SUPPORT"": []}",false
default,Home & Outdoor,50,1081-58,false,"{""REASON"": ""popular product"", ""SUPPORT"": []}",false
default,Home & Outdoor,51,1070-94,false,"{""REASON"": ""popular product"", ""SUPPORT"": []}",false
default,Home & Outdoor,52,SM-9846,false,"{""REASON"": ""popular product"", ""SUPPORT"": []}",false
default,Home & Outdoor,53,1080-06,false,"{""REASON"": ""popular product"", ""SUPPORT"": []}",false
default,Home & Outdoor,54,1401-20,false,"{""REASON"": ""popular product"", ""SUPPORT"": []}",false
default,Home & Outdoor,55,SM-1700,false,"{""REASON"": ""popular product"", ""SUPPORT"": []}",false
default,Home & Outdoor,56,SM-2348,false,"{""REASON"": ""popular product"", ""SUPPORT"": []}",false
default,Home & Outdoor,57,SM-7765,false,"{""REASON"": ""popular product"", ""SUPPORT"": []}",false
default,Home & Outdoor,58,1081-08,false,"{""REASON"": ""popular product"", ""SUPPORT"": []}",false
default,Home & Outdoor,59,1080-03,false,"{""REASON"": ""popular product"", ""SUPPORT"": []}",false
default,Home & Outdoor,60,8052-87,false,"{""REASON"": ""popular product"", ""SUPPORT"": []}",false
default,Home & Outdoor,61,SM-8712,false,"{""REASON"": ""popular product"", ""SUPPORT"": []}",false
default,Home & Outdoor,62,1081-56,false,"{""REASON"": ""popular product"", ""SUPPORT"": []}",false
default,Home & Outdoor,63,SM-1528,false,"{""REASON"": ""popular product"", ""SUPPORT"": []}",false
default,Home & Outdoor,64,1033-94,false,"{""REASON"": ""popular product"", ""SUPPORT"": []}",false
default,Home & Outdoor,65,SM-7821,false,"{""REASON"": ""popular product"", ""SUPPORT"": []}",false
default,Home & Outdoor,66,SM-2396,false,"{""REASON"": ""popular product"", ""SUPPORT"": []}",false
default,Home & Outdoor,67,1081-12,false,"{""REASON"": ""popular product"", ""SUPPORT"": []}",false
default,Home & Outdoor,68,SM-7655,false,"{""REASON"": ""popular product"", ""SUPPORT"": []}",false
default,Home & Outdoor,69,SM-1506,false,"{""REASON"": ""popular product"", ""SUPPORT"": []}",false
default,Home & Outdoor,70,SM-7719,false,"{""REASON"": ""popular product"", ""SUPPORT"": []}",false
default,Home & Outdoor,71,1081-52,false,"{""REASON"": ""popular product"", ""SUPPORT"": []}",false
default,Home & Outdoor,72,SM-2428,false,"{""REASON"": ""popular product"", ""SUPPORT"": []}",false
default,Home & Outdoor,73,1081-54,false,"{""REASON"": ""popular product"", ""SUPPORT"": []}",false
default,Home & Outdoor,74,1080-37,false,"{""REASON"": ""popular product"", ""SUPPORT"": []}",false
default,Home & Outdoor,75,1080-67,false,"{""REASON"": ""popular product"", ""SUPPORT"": []}",false
default,Home & Outdoor,76,3002-35,false,"{""REASON"": ""popular product"", ""SUPPORT"": []}",false
default,Home & Outdoor,77,SM-7659,false,"{""REASON"": ""popular product"", ""SUPPORT"": []}",false
default,Home & Outdoor,78,SM-1706,false,"{""REASON"": ""popular product"", ""SUPPORT"": []}",false
default,Home & Outdoor,79,1031-62,false,"{""REASON"": ""popular product"", ""SUPPORT"": []}",false
default,Home & Outdoor,80,1431-62,false,"{""REASON"": ""popular product"", ""SUPPORT"": []}",false
default,Home & Outdoor,81,1095-01,false,"{""REASON"": ""popular product"", ""SUPPORT"": []}",false
default,Home & Outdoor,82,1081-51,false,"{""REASON"": ""popular product"", ""SUPPORT"": []}",false
default,Home & Outdoor,83,1033-86,false,"{""REASON"": ""popular product"", ""SUPPORT"": []}",false
default,Home & Outdoor,84,SM-7823,false,"{""REASON"": ""popular product"", ""SUPPORT"": []}",false
default,Home & Outdoor,85,1031-56,false,"{""REASON"": ""popular product"", ""SUPPORT"": []}",false
default,Home & Outdoor,86,1080-72,false,"{""REASON"": ""popular product"", ""SUPPORT"": []}",false
default,Home & Outdoor,87,SM-9527,false,"{""REASON"": ""popular product"", ""SUPPORT"": []}",false
default,Home & Outdoor,88,1070-79,false,"{""REASON"": ""popular product"", ""SUPPORT"": []}",false
default,Home & Outdoor,89,1070-81,false,"{""REASON"": ""popular product"", ""SUPPORT"": []}",false
default,Home & Outdoor,90,SM-7724,false,"{""REASON"": ""popular product"", ""SUPPORT"": []}",false
default,Home & Outdoor,91,1081-57,false,"{""REASON"": ""popular product"", ""SUPPORT"": []}",false
default,Home & Outdoor,92,1431-05,false,"{""REASON"": ""popular product"", ""SUPPORT"": []}",false
default,Home & Outdoor,93,1095-02,false,"{""REASON"": ""popular product"", ""SUPPORT"": []}",false
default,Home & Outdoor,94,1080-04,false,"{""REASON"": ""popular product"", ""SUPPORT"": []}",false
default,Home & Outdoor,95,1095-03,false,"{""REASON"": ""popular product"", ""SUPPORT"": []}",false
default,Home & Outdoor,96,SM-9526,false,"{""REASON"": ""popular product"", ""SUPPORT"": []}",false
default,Home & Outdoor,97,1072-18,false,"{""REASON"": ""popular product"", ""SUPPORT"": []}",false
default,Home & Outdoor,98,1033-65,false,"{""REASON"": ""popular product"", ""SUPPORT"": []}",false
default,Home & Outdoor,99,3350-64,false,"{""REASON"": ""popular product"", ""SUPPORT"": []}",false
default,Home & Outdoor,100,1033-93,false,"{""REASON"": ""popular product"", ""SUPPORT"": []}",false
default,Home & Outdoor,101,1081-89,false,"{""REASON"": ""popular product"", ""SUPPORT"": []}",false
default,Home & Outdoor,102,7950-89,false,"{""REASON"": ""popular product"", ""SUPPORT"": []}",false
default,Home & Outdoor,103,1081-45,false,"{""REASON"": ""popular product"", ""SUPPORT"": []}",false
default,Home & Outdoor,104,1400-10,false,"{""REASON"": ""popular product"", ""SUPPORT"": []}",false
default,Home & Outdoor,105,1070-87,false,"{""REASON"": ""popular product"", ""SUPPORT"": []}",false
default,Home & Outdoor,106,1450-07,false,"{""REASON"": ""popular product"", ""SUPPORT"": []}",false
default,Home & Outdoor,107,1010-08,false,"{""REASON"": ""popular product"", ""SUPPORT"": []}",false
default,Home & Outdoor,108,8052-84,false,"{""REASON"": ""popular product"", ""SUPPORT"": []}",false
default,Home & Outdoor,109,SM-7709,false,"{""REASON"": ""popular product"", ""SUPPORT"": []}",false
default,Home & Outdoor,110,1081-41,false,"{""REASON"": ""popular product"", ""SUPPORT"": []}",false
default,Home & Outdoor,111,SM-1582,false,"{""REASON"": ""popular product"", ""SUPPORT"": []}",false
default,Home & Outdoor,112,SM-9350,false,"{""REASON"": ""popular product"", ""SUPPORT"": []}",false
default,Home & Outdoor,113,1450-44,false,"{""REASON"": ""popular product"", ""SUPPORT"": []}",false
default,Home & Outdoor,114,1095-04,false,"{""REASON"": ""popular product"", ""SUPPORT"": []}",false
default,Home & Outdoor,115,1081-81,false,"{""REASON"": ""popular product"", ""SUPPORT"": []}",false
default,Home & Outdoor,116,1431-55,false,"{""REASON"": ""popular product"", ""SUPPORT"": []}",false
default,Home & Outdoor,117,SM-1609,false,"{""REASON"": ""popular product"", ""SUPPORT"": []}",false
default,Home & Outdoor,118,SM-1610,false,"{""REASON"": ""popular product"", ""SUPPORT"": []}",false
default,Home & Outdoor,119,8053-16,false,"{""REASON"": ""popular product"", ""SUPPORT"": []}",false
default,Home & Outdoor,120,1081-80,false,"{""REASON"": ""popular product"", ""SUPPORT"": []}",false
default,Home & Outdoor,121,1631-25,false,"{""REASON"": ""popular product"", ""SUPPORT"": []}",false
default,Home & Outdoor,122,8053-17,false,"{""REASON"": ""popular product"", ""SUPPORT"": []}",false
default,Home & Outdoor,123,1430-58,false,"{""REASON"": ""popular product"", ""SUPPORT"": []}",false
default,Home & Outdoor,124,8053-15,false,"{""REASON"": ""popular product"", ""SUPPORT"": []}",false
default,Home & Outdoor,125,1034-15,false,"{""REASON"": ""popular product"", ""SUPPORT"": []}",false
default,Home & Outdoor,126,1400-12,false,"{""REASON"": ""popular product"", ""SUPPORT"": []}",false
default,Home & Outdoor,127,1081-78,false,"{""REASON"": ""popular product"", ""SUPPORT"": []}",false
default,Home & Outdoor,128,SM-1703,false,"{""REASON"": ""popular product"", ""SUPPORT"": []}",false
default,Home & Outdoor,129,1033-72,false,"{""REASON"": ""popular product"", ""SUPPORT"": []}",false
default,Home & Outdoor,130,1400-55,false,"{""REASON"": ""popular product"", ""SUPPORT"": []}",false
default,Home & Outdoor,131,1080-49,false,"{""REASON"": ""popular product"", ""SUPPORT"": []}",false
default,Home & Outdoor,132,SM-1709,false,"{""REASON"": ""popular product"", ""SUPPORT"": []}",false
default,Home & Outdoor,133,1400-57,false,"{""REASON"": ""popular product"", ""SUPPORT"": []}",false
default,Apparel,1,TM16398,false,"{""REASON"": ""popular product"", ""SUPPORT"": []}",false
default,Apparel,2,TM96398,false,"{""REASON"": ""popular product"", ""SUPPORT"": []}",false
default,Apparel,3,TM18209,false,"{""REASON"": ""popular product"", ""SUPPORT"": []}",false
default,Apparel,4,TM18130,false,"{""REASON"": ""popular product"", ""SUPPORT"": []}",false
default,Apparel,5,TM98130,false,"{""REASON"": ""popular product"", ""SUPPORT"": []}",false
default,Apparel,6,TM98209,false,"{""REASON"": ""popular product"", ""SUPPORT"": []}",false
default,Apparel,7,TM99547,false,"{""REASON"": ""popular product"", ""SUPPORT"": []}",false
default,Apparel,8,TM18304,false,"{""REASON"": ""popular product"", ""SUPPORT"": []}",false
default,Apparel,9,TM18117,false,"{""REASON"": ""popular product"", ""SUPPORT"": []}",false
default,Apparel,10,TM19534,false,"{""REASON"": ""popular product"", ""SUPPORT"": []}",false
default,Apparel,11,TM98138,false,"{""REASON"": ""popular product"", ""SUPPORT"": []}",false
default,Apparel,12,TM19547,false,"{""REASON"": ""popular product"", ""SUPPORT"": []}",false
default,Apparel,13,TM16311,false,"{""REASON"": ""popular product"", ""SUPPORT"": []}",false
default,Apparel,14,TM99534,false,"{""REASON"": ""popular product"", ""SUPPORT"": []}",false
default,Apparel,15,TM18135,false,"{""REASON"": ""popular product"", ""SUPPORT"": []}",false
default,Apparel,16,TM92937,false,"{""REASON"": ""popular product"", ""SUPPORT"": []}",false
default,Apparel,17,TM12937,false,"{""REASON"": ""popular product"", ""SUPPORT"": []}",false
default,Apparel,18,TM18610,false,"{""REASON"": ""popular product"", ""SUPPORT"": []}",false
default,Apparel,19,TM17879,false,"{""REASON"": ""popular product"", ""SUPPORT"": []}",false
default,Apparel,20,TM98117,false,"{""REASON"": ""popular product"", ""SUPPORT"": []}",false
default,Apparel,21,TM16312,false,"{""REASON"": ""popular product"", ""SUPPORT"": []}",false
default,Apparel,22,TM98304,false,"{""REASON"": ""popular product"", ""SUPPORT"": []}",false
default,Apparel,23,TM98610,false,"{""REASON"": ""popular product"", ""SUPPORT"": []}",false
default,Apparel,24,TM16252,false,"{""REASON"": ""popular product"", ""SUPPORT"": []}",false
default,Apparel,25,TM18138,false,"{""REASON"": ""popular product"", ""SUPPORT"": []}",false
default,Apparel,26,TM19597,false,"{""REASON"": ""popular product"", ""SUPPORT"": []}",false
default,Apparel,27,TM18216,false,"{""REASON"": ""popular product"", ""SUPPORT"": []}",false
default,Apparel,28,TM12940,false,"{""REASON"": ""popular product"", ""SUPPORT"": []}",false
default,Apparel,29,TM16209,false,"{""REASON"": ""popular product"", ""SUPPORT"": []}",false
default,Apparel,30,TM98135,false,"{""REASON"": ""popular product"", ""SUPPORT"": []}",false
default,Apparel,31,TM96311,false,"{""REASON"": ""popular product"", ""SUPPORT"": []}",false
default,Apparel,32,TM18220,false,"{""REASON"": ""popular product"", ""SUPPORT"": []}",false
default,Apparel,33,TM19598,false,"{""REASON"": ""popular product"", ""SUPPORT"": []}",false
default,Apparel,34,TM19652,false,"{""REASON"": ""popular product"", ""SUPPORT"": []}",false
default,Apparel,35,TM96252,false,"{""REASON"": ""popular product"", ""SUPPORT"": []}",false
default,Apparel,36,TM17810,false,"{""REASON"": ""popular product"", ""SUPPORT"": []}",false
default,Apparel,37,TM97879,false,"{""REASON"": ""popular product"", ""SUPPORT"": []}",false
default,Apparel,38,TM96312,false,"{""REASON"": ""popular product"", ""SUPPORT"": []}",false
default,Apparel,39,TM19101,false,"{""REASON"": ""popular product"", ""SUPPORT"": []}",false
default,Apparel,40,TM18139,false,"{""REASON"": ""popular product"", ""SUPPORT"": []}",false
default,Apparel,41,TM18306,false,"{""REASON"": ""popular product"", ""SUPPORT"": []}",false
default,Apparel,42,TM16255,false,"{""REASON"": ""popular product"", ""SUPPORT"": []}",false
default,Apparel,43,TM99597,false,"{""REASON"": ""popular product"", ""SUPPORT"": []}",false
default,Apparel,44,TM97810,false,"{""REASON"": ""popular product"", ""SUPPORT"": []}",false
default,Apparel,45,TM98306,false,"{""REASON"": ""popular product"", ""SUPPORT"": []}",false
default,Apparel,46,TM17744,false,"{""REASON"": ""popular product"", ""SUPPORT"": []}",false
default,Apparel,47,TM99652,false,"{""REASON"": ""popular product"", ""SUPPORT"": []}",false
default,Apparel,48,TM12939,false,"{""REASON"": ""popular product"", ""SUPPORT"": []}",false
default,Apparel,49,TM12605,false,"{""REASON"": ""popular product"", ""SUPPORT"": []}",false
default,Apparel,50,TM18611,false,"{""REASON"": ""popular product"", ""SUPPORT"": []}",false
default,Apparel,51,TM19307,false,"{""REASON"": ""popular product"", ""SUPPORT"": []}",false
default,Apparel,52,TM92940,false,"{""REASON"": ""popular product"", ""SUPPORT"": []}",false
default,Apparel,53,TM16315,false,"{""REASON"": ""popular product"", ""SUPPORT"": []}",false
default,Apparel,54,TM16309,false,"{""REASON"": ""popular product"", ""SUPPORT"": []}",false
default,Apparel,55,TM16310,false,"{""REASON"": ""popular product"", ""SUPPORT"": []}",false
default,Apparel,56,TM18408,false,"{""REASON"": ""popular product"", ""SUPPORT"": []}",false
default,Apparel,57,TM16512,false,"{""REASON"": ""popular product"", ""SUPPORT"": []}",false
default,Apparel,58,TM18215,false,"{""REASON"": ""popular product"", ""SUPPORT"": []}",false
default,Apparel,59,TM96255,false,"{""REASON"": ""popular product"", ""SUPPORT"": []}",false
default,Apparel,60,TM18162,false,"{""REASON"": ""popular product"", ""SUPPORT"": []}",false
default,Apparel,61,TM92939,false,"{""REASON"": ""popular product"", ""SUPPORT"": []}",false
default,Apparel,62,TM16314,false,"{""REASON"": ""popular product"", ""SUPPORT"": []}",false
default,Apparel,63,TM12608,false,"{""REASON"": ""popular product"", ""SUPPORT"": []}",false
default,Apparel,64,TM17873,false,"{""REASON"": ""popular product"", ""SUPPORT"": []}",false
default,Apparel,65,TM97814,false,"{""REASON"": ""popular product"", ""SUPPORT"": []}",false
default,Apparel,66,TM18311,false,"{""REASON"": ""popular product"", ""SUPPORT"": []}",false
default,Apparel,67,TM98220,false,"{""REASON"": ""popular product"", ""SUPPORT"": []}",false
default,Apparel,68,TM19542,false,"{""REASON"": ""popular product"", ""SUPPORT"": []}",false
default,Apparel,69,TM17814,false,"{""REASON"": ""popular product"", ""SUPPORT"": []}",false
default,Apparel,70,TM92605,false,"{""REASON"": ""popular product"", ""SUPPORT"": []}",false
default,Apparel,71,TM96512,false,"{""REASON"": ""popular product"", ""SUPPORT"": []}",false
default,Apparel,72,TM96209,false,"{""REASON"": ""popular product"", ""SUPPORT"": []}",false
default,Apparel,73,TM98611,false,"{""REASON"": ""popular product"", ""SUPPORT"": []}",false
default,Apparel,74,TM98139,false,"{""REASON"": ""popular product"", ""SUPPORT"": []}",false
default,Apparel,75,TM99598,false,"{""REASON"": ""popular product"", ""SUPPORT"": []}",false
default,Apparel,76,TM96314,false,"{""REASON"": ""popular product"", ""SUPPORT"": []}",false
default,Apparel,77,TM98162,false,"{""REASON"": ""popular product"", ""SUPPORT"": []}",false
default,Apparel,78,TM12504,false,"{""REASON"": ""popular product"", ""SUPPORT"": []}",false
default,Apparel,79,TM19548,false,"{""REASON"": ""popular product"", ""SUPPORT"": []}",false
default,Apparel,80,TM92608,false,"{""REASON"": ""popular product"", ""SUPPORT"": []}",false
default,Apparel,81,TM12604,false,"{""REASON"": ""popular product"", ""SUPPORT"": []}",false
default,Apparel,82,TM96310,false,"{""REASON"": ""popular product"", ""SUPPORT"": []}",false
default,Apparel,83,TM98311,false,"{""REASON"": ""popular product"", ""SUPPORT"": []}",false
default,Apparel,84,TM92504,false,"{""REASON"": ""popular product"", ""SUPPORT"": []}",false
default,Apparel,85,TM99542,false,"{""REASON"": ""popular product"", ""SUPPORT"": []}",false
default,Apparel,86,TM18154,false,"{""REASON"": ""popular product"", ""SUPPORT"": []}",false
default,Apparel,87,TM99307,false,"{""REASON"": ""popular product"", ""SUPPORT"": []}",false
default,Apparel,88,TM18161,false,"{""REASON"": ""popular product"", ""SUPPORT"": []}",false
default,Apparel,89,TM96315,false,"{""REASON"": ""popular product"", ""SUPPORT"": []}",false
default,Apparel,90,TM17745,false,"{""REASON"": ""popular product"", ""SUPPORT"": []}",false
default,Apparel,91,TM98408,false,"{""REASON"": ""popular product"", ""SUPPORT"": []}",false
default,Apparel,92,TM97744,false,"{""REASON"": ""popular product"", ""SUPPORT"": []}",false
default,Apparel,93,TM98143,false,"{""REASON"": ""popular product"", ""SUPPORT"": []}",false
default,Apparel,94,TM18143,false,"{""REASON"": ""popular product"", ""SUPPORT"": []}",false
default,Apparel,95,TM98161,false,"{""REASON"": ""popular product"", ""SUPPORT"": []}",false
default,Apparel,96,TM98215,false,"{""REASON"": ""popular product"", ""SUPPORT"": []}",false
default,Apparel,97,TM99548,false,"{""REASON"": ""popular product"", ""SUPPORT"": []}",false
default,Apparel,98,TM92604,false,"{""REASON"": ""popular product"", ""SUPPORT"": []}",false
default,Apparel,99,TM96309,false,"{""REASON"": ""popular product"", ""SUPPORT"": []}",false
default,Apparel,100,TM99101,false,"{""REASON"": ""popular product"", ""SUPPORT"": []}",false
default,Apparel,101,TM98154,false,"{""REASON"": ""popular product"", ""SUPPORT"": []}",false
default,Apparel,102,TM16627,false,"{""REASON"": ""popular product"", ""SUPPORT"": []}",false
default,Apparel,103,TM97873,false,"{""REASON"": ""popular product"", ""SUPPORT"": []}",false
default,Apparel,104,TM92725,false,"{""REASON"": ""popular product"", ""SUPPORT"": []}",false
default,Apparel,105,TM12725,false,"{""REASON"": ""popular product"", ""SUPPORT"": []}",false
default,Apparel,106,TM99898,false,"{""REASON"": ""popular product"", ""SUPPORT"": []}",false
default,Apparel,107,TM19898,false,"{""REASON"": ""popular product"", ""SUPPORT"": []}",false
default,Apparel,108,TM96627,false,"{""REASON"": ""popular product"", ""SUPPORT"": []}",false
default,Apparel,109,TM18505,false,"{""REASON"": ""popular product"", ""SUPPORT"": []}",false
default,Apparel,110,TM97745,false,"{""REASON"": ""popular product"", ""SUPPORT"": []}",false
default,Apparel,111,TM12726,false,"{""REASON"": ""popular product"", ""SUPPORT"": []}",false
default,Apparel,112,TM92726,false,"{""REASON"": ""popular product"", ""SUPPORT"": []}",false
default,Apparel,113,TM18702,false,"{""REASON"": ""popular product"", ""SUPPORT"": []}",false
default,Apparel,114,TM98702,false,"{""REASON"": ""popular product"", ""SUPPORT"": []}",false
default,Apparel,115,TM98505,false,"{""REASON"": ""popular product"", ""SUPPORT"": []}",false
default,Technology,1,8053-08,false,"{""REASON"": ""popular product"", ""SUPPORT"": []}",false
default,Technology,2,7124-14,false,"{""REASON"": ""popular product"", ""SUPPORT"": []}",false
default,Technology,3,7143-14,false,"{""REASON"": ""popular product"", ""SUPPORT"": []}",false
default,Technology,4,7141-11,false,"{""REASON"": ""popular product"", ""SUPPORT"": []}",false
default,Technology,5,7197-25,false,"{""REASON"": ""popular product"", ""SUPPORT"": []}",false
default,Technology,6,8053-07,false,"{""REASON"": ""popular product"", ""SUPPORT"": []}",false
default,Technology,7,7197-40,false,"{""REASON"": ""popular product"", ""SUPPORT"": []}",false
default,Technology,8,SM-3714,false,"{""REASON"": ""popular product"", ""SUPPORT"": []}",false
default,Technology,9,7196-13,false,"{""REASON"": ""popular product"", ""SUPPORT"": []}",false
default,Technology,10,SM-2572,false,"{""REASON"": ""popular product"", ""SUPPORT"": []}",false
default,Technology,11,7197-05,false,"{""REASON"": ""popular product"", ""SUPPORT"": []}",false
default,Technology,12,7121-72,false,"{""REASON"": ""popular product"", ""SUPPORT"": []}",false
default,Technology,13,7121-71,false,"{""REASON"": ""popular product"", ""SUPPORT"": []}",false
default,Technology,14,7198-26,false,"{""REASON"": ""popular product"", ""SUPPORT"": []}",false
default,Technology,15,7121-18,false,"{""REASON"": ""popular product"", ""SUPPORT"": []}",false
default,Technology,16,7124-11,false,"{""REASON"": ""popular product"", ""SUPPORT"": []}",false
default,Technology,17,7194-07,false,"{""REASON"": ""popular product"", ""SUPPORT"": []}",false
default,Technology,18,SM-2927,false,"{""REASON"": ""popular product"", ""SUPPORT"": []}",false
default,Technology,19,SM-3923,false,"{""REASON"": ""popular product"", ""SUPPORT"": []}",false
default,Technology,20,SM-3310,false,"{""REASON"": ""popular product"", ""SUPPORT"": []}",false
default,Technology,21,SM-2826,false,"{""REASON"": ""popular product"", ""SUPPORT"": []}",false
default,Technology,22,5077-01,false,"{""REASON"": ""popular product"", ""SUPPORT"": []}",false
default,Technology,23,SM-2800,false,"{""REASON"": ""popular product"", ""SUPPORT"": []}",false
default,Technology,24,7124-15,false,"{""REASON"": ""popular product"", ""SUPPORT"": []}",false
default,Technology,25,7196-06,false,"{""REASON"": ""popular product"", ""SUPPORT"": []}",false
default,Technology,26,7121-43,false,"{""REASON"": ""popular product"", ""SUPPORT"": []}",false
default,Technology,27,7195-50,false,"{""REASON"": ""popular product"", ""SUPPORT"": []}",false
default,Technology,28,8053-09,false,"{""REASON"": ""popular product"", ""SUPPORT"": []}",false
default,Technology,29,7141-68,false,"{""REASON"": ""popular product"", ""SUPPORT"": []}",false
default,Technology,30,7199-32,false,"{""REASON"": ""popular product"", ""SUPPORT"": []}",false
default,Technology,31,7197-64,false,"{""REASON"": ""popular product"", ""SUPPORT"": []}",false
default,Technology,32,7196-22,false,"{""REASON"": ""popular product"", ""SUPPORT"": []}",false
default,Technology,33,7198-44,false,"{""REASON"": ""popular product"", ""SUPPORT"": []}",false
default,Technology,34,SM-3763,false,"{""REASON"": ""popular product"", ""SUPPORT"": []}",false
default,Technology,35,7121-40,false,"{""REASON"": ""popular product"", ""SUPPORT"": []}",false
default,Technology,36,1071-27,false,"{""REASON"": ""popular product"", ""SUPPORT"": []}",false
default,Technology,37,SM-3810,false,"{""REASON"": ""popular product"", ""SUPPORT"": []}",false
default,Technology,38,7198-68,false,"{""REASON"": ""popular product"", ""SUPPORT"": []}",false
default,Technology,39,SM-2824,false,"{""REASON"": ""popular product"", ""SUPPORT"": []}",false
default,Technology,40,7121-46,false,"{""REASON"": ""popular product"", ""SUPPORT"": []}",false
default,Technology,41,7197-63,false,"{""REASON"": ""popular product"", ""SUPPORT"": []}",false
default,Technology,42,SM-2575,false,"{""REASON"": ""popular product"", ""SUPPORT"": []}",false
default,Technology,43,7197-47,false,"{""REASON"": ""popular product"", ""SUPPORT"": []}",false
default,Technology,44,7195-05,false,"{""REASON"": ""popular product"", ""SUPPORT"": []}",false
default,Technology,45,7124-12,false,"{""REASON"": ""popular product"", ""SUPPORT"": []}",false
default,Technology,46,7124-05,false,"{""REASON"": ""popular product"", ""SUPPORT"": []}",false
default,Technology,47,SM-2936,false,"{""REASON"": ""popular product"", ""SUPPORT"": []}",false
default,Technology,48,7124-01,false,"{""REASON"": ""popular product"", ""SUPPORT"": []}",false
default,Technology,49,7195-01,false,"{""REASON"": ""popular product"", ""SUPPORT"": []}",false
default,Technology,50,7197-17,false,"{""REASON"": ""popular product"", ""SUPPORT"": []}",false
default,Technology,51,7198-63,false,"{""REASON"": ""popular product"", ""SUPPORT"": []}",false
default,Technology,52,7198-18,false,"{""REASON"": ""popular product"", ""SUPPORT"": []}",false
default,Technology,53,7196-25,false,"{""REASON"": ""popular product"", ""SUPPORT"": []}",false
default,Technology,54,7120-68,false,"{""REASON"": ""popular product"", ""SUPPORT"": []}",false
default,Technology,55,7197-13,false,"{""REASON"": ""popular product"", ""SUPPORT"": []}",false
default,Technology,56,7143-06,false,"{""REASON"": ""popular product"", ""SUPPORT"": []}",false
default,Technology,57,7142-50,false,"{""REASON"": ""popular product"", ""SUPPORT"": []}",false
default,Technology,58,7120-15,false,"{""REASON"": ""popular product"", ""SUPPORT"": []}",false
default,Technology,59,7197-67,false,"{""REASON"": ""popular product"", ""SUPPORT"": []}",false
default,Technology,60,7197-52,false,"{""REASON"": ""popular product"", ""SUPPORT"": []}",false
default,Technology,61,7143-32,false,"{""REASON"": ""popular product"", ""SUPPORT"": []}",false
default,Technology,62,7141-18,false,"{""REASON"": ""popular product"", ""SUPPORT"": []}",false
default,Technology,63,7143-31,false,"{""REASON"": ""popular product"", ""SUPPORT"": []}",false
default,Technology,64,7196-21,false,"{""REASON"": ""popular product"", ""SUPPORT"": []}",false
default,Technology,65,7197-01,false,"{""REASON"": ""popular product"", ""SUPPORT"": []}",false
default,Technology,66,7196-10,false,"{""REASON"": ""popular product"", ""SUPPORT"": []}",false
default,Technology,67,7143-37,false,"{""REASON"": ""popular product"", ""SUPPORT"": []}",false
default,Technology,68,7141-27,false,"{""REASON"": ""popular product"", ""SUPPORT"": []}",false
default,Technology,69,7121-73,false,"{""REASON"": ""popular product"", ""SUPPORT"": []}",false
default,Technology,70,7142-53,false,"{""REASON"": ""popular product"", ""SUPPORT"": []}",false
default,Technology,71,7197-53,false,"{""REASON"": ""popular product"", ""SUPPORT"": []}",false
default,Technology,72,SM-3727,false,"{""REASON"": ""popular product"", ""SUPPORT"": []}",false
default,Technology,73,7142-09,false,"{""REASON"": ""popular product"", ""SUPPORT"": []}",false
default,Technology,74,7197-65,false,"{""REASON"": ""popular product"", ""SUPPORT"": []}",false
default,Technology,75,7143-41,false,"{""REASON"": ""popular product"", ""SUPPORT"": []}",false
default,Technology,76,7141-83,false,"{""REASON"": ""popular product"", ""SUPPORT"": []}",false
default,Technology,77,SM-2818,false,"{""REASON"": ""popular product"", ""SUPPORT"": []}",false
default,Technology,78,0044-08,false,"{""REASON"": ""popular product"", ""SUPPORT"": []}",false
default,Technology,79,SM-3909,false,"{""REASON"": ""popular product"", ""SUPPORT"": []}",false
default,Technology,80,7143-17,false,"{""REASON"": ""popular product"", ""SUPPORT"": []}",false
default,Memory,1,1690-53,false,"{""REASON"": ""popular product"", ""SUPPORT"": []}",false
default,Memory,2,1690-49,false,"{""REASON"": ""popular product"", ""SUPPORT"": []}",false
default,Memory,3,1690-48,false,"{""REASON"": ""popular product"", ""SUPPORT"": []}",false
